feature,importance
table,0.20400760391832287
y,0.17095349745955804
carat,0.16011745870238428
clarity,0.12240562971802917
cut,0.10710521119776095
z,0.10138897120439747
depth,0.05937291292664849
x,0.04411228447083692
color,0.030536430402061644
