feature,importance
x,0.35862269677608416
z,0.31833492249396145
y,0.20809494690799246
carat,0.08142774046213344
clarity,0.0207602631020333
cut,0.007314706346069423
table,0.004686039292115659
color,0.0005454981562257512
depth,0.00021318646338436235
