feature,importance
z,0.2705620426952424
y,0.26334989678342774
clarity,0.14360084417516233
carat,0.13415074311890432
x,0.10353216933207841
table,0.054312306311724706
color,0.019537532817837457
cut,0.010954379349544201
depth,8.541607841613808e-08
